code,name,identification,reason,text
afr,Afrikaans,Afrikaans,"I identified the language of the text as Afrikaans based on the specific vocabulary and grammatical structures used. Some examples include the use of the words ""elkeen"" (everyone), ""reg"" (right), and ""vryheid van opinie"" (freedom of opinion), which are common in Afrikaans. Additionally, the sentence structure, specifically the use of semicolons and inverted word order in the final clause, is typical of Afrikaans grammar.","Elkeen het die reg tot vryheid van opinie en uitdrukking; hierdie reg sluit die vryheid in om opinies sonder inmenging te lug en om inligting en idees te vra, te ontvang en te deel deur middel van enige medium ten spyte van grense."
als,"Albanian, Tosk",Albanian,"The text is written in Albanian. I can recognize the Albanian language based on the unique characters used in the text. The use of diacritical marks such as the ""ë"" is a prominent feature of the Albanian language, which is distinct from other languages that use the same Latin alphabet. Additionally, the sentence structure and grammatical patterns in the text are consistent with Albanian language rules.","Gjithkush ka të drejtën e lirisë së mendimit dhe të shprehjes; kjo e drejtë përfshin lirinë e mendimit pa ndërhyrje, si dhe lirinë e kërkimit, marrjes dhe njoftimit të informacionit dhe ideve me çfarëdo mjeti qoftë, pa marrë parasysh kufijtë."
arb,"Arabic, Standard",Arabic,"The text is written in Arabic script and contains Arabic words, such as ""حق"" (right) and ""حرية"" (freedom), that are commonly used in the Arabic language. Additionally, the context of the text is related to individual rights and freedom of expression, which are commonly discussed topics in Arabic-speaking countries. Overall, these language indicators suggest that the text is written in Arabic.",لكل شخص الحق في حرية الرأي والتعبير. ويشمل هذا الحق حرية اعتناق الآراء دون أي تدخل، واستقاء الأنباء والأفكار وتلقيها وإذاعتها بأية وسيلة كانت دون تقيد بالحدود الجغرافية.
azj_latn,"Azerbaijani, North (Latin)",Azerbaijani.,"The text is written in Latin script but contains several unique characters including ""ə"" and ""ü"" which are not used in English or French. This indicates that the language is not based on the Latin alphabet used for those languages. Additionally, the text contains several diacritical marks, which are commonly used in Azerbaijani. Finally, the use of certain vocabulary and grammar structures further indicate that the text is in Azerbaijani.","Hər bir şəxs əqidə və onu sərbəst ifadə etmək azadlığı hüququna malikdir; bu hüquqa maneəsiz olaraq əqidəyə malik olmaq və informasiya və ideyaları dövlət sərhədlərindən asılı olmayaraq istənilən vasitələrlə axtarmaq, əldə etmək və yaymaq azadlığı daxildir."
bel,Belarusan,Belarusian,"The text you provided is written in Cyrillic script, which is used in many Slavic languages including Belarusian, Russian, Ukrainian, Bulgarian, Serbian, and others. However, based on the specific wording and grammar used in the text, as well as the fact that Belarusian is an official language in Belarus, the most likely language for the text is Belarusian. Moreover, the Belarusian Constitution guarantees freedom of speech and expression, which is consistent with the content of the text.","Кожны чалавек мае права на свабоду перакананняў і на свабоднае выражэнне іх; гэта права ўключае свабоду бесперашкодна прытрымлівацца сваіх перакананняў і свабоду шукаць, атрымліваць і распаўсюджваць інфармацыю і ідэі любымі сродкамі і незалежна ад дзяржаўных граніц."
ben,Bengali,This appears to be in Bengali.,"I recognized the language as Bengali because of the presence of Bengali characters and the use of diacritic symbols which are commonly used in the Bengali script. Additionally, the structure and syntax of the sentence is consistent with Bengali grammar rules.","প্রত্যেকের‌ই মতামত পোষণ এবং মতামত প্রকাশের স্বাধীনতায় অধিকার রয়েছে। অবাধে মতামত পোষণ এবং রাষ্ট্রীয় সীমানা নির্বিশেষে যে কোন মাধ্যমের মারফত ভাব এবং তথ্য জ্ঞাপন, গ্রহণ ও সন্ধানের স্বাধীনতা‌ও এ অধিকারের অন্তর্ভূক্ত।"
bre,Breton,Breton,"The sentence you provided is written in the Breton language. Some of the clues that helped me identify the language include the use of the letter ""ñ"", which is a common letter used in Breton but not in many other languages, as well as the specific combinations of letters and diacritics used in Breton. Additionally, I have been trained on multiple languages and have a large database to compare your input sentence to, which allows me to accurately identify the language.","Pep hini en deus gwir d’ar frankiz d’ober e veno ha d’en disklêriañ, da lavarout eo gwir da chom hep bezañ trubuilhet en abeg d’e vennozhioù, gwir da glask, da resev ha da skignañ keleier ha mennozhioù, dre n’eus forzh pe zoare disklêriañ, hep teurel pled ouzh an harzoù."
bul,Bulgarian,Bulgarian.,"The text you provided is the same as the second paragraph of Article 19 in the Universal Declaration of Human Rights. As a language identification system, I detected that the language used in the text is Cyrillic, which is primarily used in languages such as Bulgarian, Russian, Serbian, and Ukrainian. However, I can confidently identify it as Bulgarian based on my analysis of the grammatical structure, vocabulary, and spelling used in the text.","Всеки човек има право на свобода на убеждение и на изразяването му; тази свобода включва правото безпрепятствено да се придържа към своите убеждения, както и правото да търси, да получава и да разпространява информация и идеи чрез всички средства и без оглед на държавните граници."
cat,Catalan-Valencian-Balear,Catalan,"I identified the last text as Catalan because of the use of diacritic marks (i.e., accents) and the particular grammatical structure of the sentences. Catalan is a Romance language spoken mainly in Catalonia, Valencia, the Balearic Islands, and the eastern part of Aragon, of which the official language is Catalan along with Spanish.

Catalan has several distinctive grammar features, including the use of definite and indefinite articles before and after the noun, and the presence or absence of diacritic marks, which indicate stress and sometimes also change the meaning of words. The text also contains some specific vocabulary, such as ""dret"" (right), ""llibertat"" (liberty), and ""frontieres"" (borders), which are typical of this language.  Overall, the presence of all these features helped me to confidently identify the text as being written in Catalan.","Tota persona té dret a la llibertat d’opinió i d’expressió; aquest dret inclou el de no ser molestat a causa de les pròpies opinions i el de cercar, rebre i difondre les informacions i les idees per qualsevol mitjà i sense límit de fronteres."
ceb,Cebuano,Cebuano,"The text you provided is a translation of the Universal Declaration of Human Rights' Article 19, which states that ""Everyone has the right to freedom of opinion and expression; this right includes freedom to hold opinions without interference and to seek, receive and impart information and ideas through any media and regardless of frontiers."" 

The language used in the text is consistent with the characteristics of Cebuano, a language spoken in parts of the Philippines. Some of the identifying features of Cebuano include the use of the infix ""ga-"" with verbs, the prefix ""ka-"" with adjectives indicating a state or quality, and the use of the word ""ug"" to mean ""and"". All of these features are present in the text you provided.","Ang matag usa adunay katungod sa hunahuna ug pagsulti. Kining katungod nagalakip sa kagawasan sa pagpugong sa hunahuna sa walay paghilabot ug sa pagpangita, pagdawat o sa paghatag og kasayuran ug panahum pinaagi sa bisan unsang matang sa komunikasyon sa walay pagtagad sa mga utlanan."
ces,Czech,Czech,"The text is written in Latin script, which is used by many languages, so it's not enough to determine the language based on this. However, I noticed diacritical marks, such as accents, above some letters. This is a common feature of Czech language, so I was able to identify it as Czech. The text itself also matches the Czech translation of the Universal Declaration of Human Rights, which further supports the identification.","Každý má právo na svobodu přesvědčení a projevu; toto právo nepřipouští, aby někdo trpěl újmu pro své přesvědčení, a zahrnuje právo vyhledávat, přijímat a rozšiřovat informace a myšlenky jakýmikoli prostředky a bez ohledu na hranice."
cmn_hans,"Chinese, Mandarin (Simplified)",Chinese (simplified),"The text you provided has a few distinct characteristics that suggest it is written in Chinese Simplified. 

Firstly, the use of simplified Chinese characters is a common feature of written Chinese in mainland China, Singapore, and Malaysia. This is in contrast to traditional Chinese characters used in regions such as Taiwan and Hong Kong.

Secondly, the syntax of the text is similar to what one would expect in Chinese. For example, Chinese sentences tend to follow a Subject-Verb-Object word order, which is the case here.

Lastly, the use of certain Chinese characters such as “权利” (rights) and “思想” (thoughts, ideas) is indicative of the Chinese language. These specific characters may not be unique to Chinese, but their use, in combination with the other characteristics mentioned above, strengthens the likelihood that the text is written in Chinese.","人人有权享有主张和发表意见的自由;此项权利包括持有主张而不受干涉的自由,和通过任何媒介和不论国界寻求、接受和传递消息和思想的自由。"
cmn_hant,"Chinese, Mandarin (Traditional)",Chinese (Traditional),"The text includes Chinese characters, and the use of Traditional Chinese characters suggests it is likely to be written in Chinese (Traditional). The content of the text, concerning the freedom of expression and access to information, can be found in various international human rights declarations, including the Universal Declaration of Human Rights, which has been translated into many languages, including Chinese. The use of simplified characters is more common in mainland China, while traditional characters are used in regions such as Taiwan and Hong Kong.",人人有權享有主張和發表意見的自由；此項權利包括持有主張而不受干涉的自由，和通過任何媒介和不論國界尋求、接受和傳遞消息和思想的自由。
cos,Corsican,Corsican.,"The text you provided is written in a language that closely resembles Italian, but some of the words have slightly different spellings and accents. This suggests that it is written in a regional language spoken in Italy or a neighboring country.

Based on analysis of the vocabulary, grammar, and spelling, and taking into account the fact that Corsica is a French territory where Corsican language is spoken, my system identified the language as Corsican.","Hà dirittu ogni individuu à a libertà d’upinioni è di sprissioni; vali à dì ch’ellu ùn devi essa turmintatu pà i so upinioni è ch’ellu pò circà, riceva è sparghja, senza primura di i fruntieri, i infurmazioni è l’idei cù tutti i modi di sprissioni."
cym,Welsh,Welsh,"Sure! The text you provided contains several diacritics (extra marks above or below certain letters) that are found in the Welsh language but not in many other languages. For example, the letter ""â"" and ""w"" with a circumflex accent are characteristic of Welsh orthography. Additionally, the syntax and word order in the text are consistent with Welsh sentence structure. These are some indications that the text is likely in Welsh.","Y mae gan bawb ryddid barn a mynegiant; fe gynnwys hyn yr hawl i ryddid barn, heb ymyrraeth gan neb, a rhyddid i geisio, derbyn a chyfrannu gwybodaeth a syniadau trwy unrhyw gyfryngau, heb ystyried ffiniau gwlad."
dan,Danish,Danish.,"The text is almost identical to the Universal Declaration of Human Rights Article 19 which affirms the right to freedom of opinion and expression, including the right to hold opinions without interference and to seek, receive and impart information and ideas through any media and regardless of frontiers. Based on this similarity, and the fact that the text contains some diacritical marks that are specific to the Danish language, my analysis indicates that the text is in Danish.","Enhver har ret til menings- og ytringsfrihed; denne ret omfatter frihed til at hævde sin opfattelse uden indblanding og til at søge, modtage og meddele oplysning og tanker ved et hvilket som helst meddelelsesmiddel og uanset landegrænser."
deu_1996,"German, Standard (1996)",German,"The text is written in German. 

The key phrases ""Jeder hat das Recht auf Meinungsfreiheit und freie Meinungsäußerung"" and ""dieses Recht schließt die Freiheit ein, Meinungen ungehindert anzuhängen sowie über Medien jeder Art und ohne Rücksicht auf Grenzen Informationen und Gedankengut zu suchen, zu empfangen und zu verbreiten"" are indicative of the German language. These phrases have a unique grammatical structure and word order that is characteristic to the German language.","Jeder hat das Recht auf Meinungsfreiheit und freie Meinungsäußerung; dieses Recht schließt die Freiheit ein, Meinungen ungehindert anzuhängen sowie über Medien jeder Art und ohne Rücksicht auf Grenzen Informationen und Gedankengut zu suchen, zu empfangen und zu verbreiten."
ell_monotonic,Greek (monotonic),Greek,"The text contains the Greek language script and many Greek diacritical marks, such as accents and breathing marks, which are not present in languages written in the Latin script such as English or French. Additionally, the text includes specific vocabulary and grammar typical of the Greek language, such as the use of the article καθένας (meaning ""each one"") and the verb υφίσταται (meaning ""suffers or undergoes""). Therefore, my system identified the language correctly as Greek.","Καθένας έχει το δικαίωμα της ελευθερίας της γνώμης και της έκφρασης, που σημαίνει το δικαίωμα να μην υφίσταται δυσμενείς συνέπειες για τις γνώμες του, και το δικαίωμα να αναζητεί, να παίρνει και να διαδίδει πληροφορίες και ιδέες, με οποιοδήποτε μέσο έκφρασης, και από όλο τον κόσμο."
eng,English,English,"My reasoning for identifying the language of the text as English is based on a number of observations:

1. The text uses the Latin alphabet, which is commonly used in English.
2. The grammar and sentence structure of the text are consistent with English, with subject-verb-object (SVO) word order and proper use of prepositions, pronouns, and conjunctions.
3. The vocabulary and phrasing used in the text are typical of English, with expressions such as ""freedom of opinion"", ""freedom of expression"", ""without interference"", ""seek, receive and impart information"", ""any media"", and ""regardless of frontiers"" being commonly used in English discourse on human rights and civil liberties.

Based on these factors, I am confident in my identification of the language of the text as English.","Everyone has the right to freedom of opinion and expression; this right includes freedom to hold opinions without interference and to seek, receive and impart information and ideas through any media and regardless of frontiers."
epo,Esperanto,Esperanto,"The text you provided is in Esperanto, an artificial language created in the late 19th century by Ludwik Zamenhof to serve as a universal second language. The text describes the right to freedom of opinion and expression, and it is similar to the Universal Declaration of Human Rights article 19, which states: ""Everyone has the right to freedom of opinion and expression; this right includes freedom to hold opinions without interference and to seek, receive and impart information and ideas through any media and regardless of frontiers.""","Ĉiu havas la rajton je libereco de opinio kaj esprimado; ĉi tiu rajto inkluzivas la liberecon havi opiniojn sen intervenoj de aliaj, kaj la rajton peti, ricevi kaj havigi informojn kaj ideojn per kiu ajn rimedo kaj senkonsidere pri la landlimoj."
est,Estonian,Estonian,"The text you provided is a translation of the paragraph that begins with ""Everyone has the right to freedom of opinion and expression"" from the Universal Declaration of Human Rights. This paragraph has been translated into many languages, and the use of ""õigus"" and ""riigipiirist sõltumata"" are characteristic of Estonian language. Additionally, the word ""veendumuste"" used in the sentence is also a common word in Estonian, further indicating that the text is in Estonian.","Igal inimesel on õigus veendumuste vabadusele ja nende veendumuste vabalt avaldamisele; see õigus kätkeb vabadust takistamatult oma veendumustest kinni pidada ja vabadust informatsiooni ja ideid otsida, saada ja levitada igasuguste abinõudega ja riigipiirist sõltumata."
eus,Basque,Basque,"The text you provided is written in Basque, a language spoken in the Basque Country, which is located in the western Pyrenees, straddling the border of France and Spain. The syntax, grammar, and vocabulary used in the text are characteristic of Basque. Additionally, the use of the Basque letter ""tz"" and the diacritic ""~"" (tilde) are distinctive features of the language. Overall, these linguistic traits allow for a confident identification of the language as Basque.","Gizabanako guztiek dute eritzi-eta adierazpen-askatasuna. Eskubide horrek barne hartzen du erlijioa eta sinismena aldatzeko askatasuna eta bakoitzaren eritziengatik inork ez gogaitzeko eskubidea, ikerketak egitekoa eta informazioa eta eritziak mugarik gabe eta nolanahiko adierazpidez jaso eta zabaltzekoa."
fao,Faroese,Faroese.,"I recognized the text as being written using the Faroese language based on the use of the special characters ø and ú, which are commonly used in the Faroese alphabet to represent specific sounds. Additionally, the sentence structure and grammar of the text also matched what is typically seen in the Faroese language.","Øll skulu vera fræls at hava sínar áskoðanir og bera tær fram uttan forðan, og at søkja sær og breiða út vitan og hugsanir ígjøgnum hvønn boðmiðil, sum vera skal, og æheft av landamarki."
fin,Finnish,Finnish,"The text is written in Finnish, which is an official language of Finland. The text is the Finnish translation of the phrase ""Everyone has the right to freedom of opinion and expression; this right includes freedom to hold opinions without interference and to seek, receive and impart information and ideas through any media and regardless of frontiers"", which is one of the most famous statements in the Universal Declaration of Human Rights.","Jokaisella on oikeus mielipiteen- ja sananvapauteen; tähän sisältyy oikeus häiritsemättä pitää mielipiteensä sekä oikeus rajoista riippumatta hankkia, vastaanottaa ja levittää tietoja kaikkien tiedotusvälineiden kautta."
fra,French,French.,"The text is written in French. There are some characteristic features of French language present in the text, such as the use of diacritical marks (e.g. é, à), the presence of liaison (e.g. ""d'opinion""), and the particular syntax and grammar of the language. Additionally, the text includes a reference to ""frontières,"" which is a French word. Finally, the content of the text - which is a universal declaration of human rights - was originally drafted in French by a French lawyer, so it is expected that the original text would be in French.","Tout individu a droit à la liberté d’opinion et d’expression, ce qui implique le droit de ne pas être inquiété pour ses opinions et celui de chercher, de recevoir et de répandre, sans considérations de frontières, les informations et les idées par quelque moyen d’expression que ce soit."
fri,"Frisian, Western",It is written in Frisian.,"The text is written in Latin script but with some diacritical marks that usually don't appear in English or many other European languages. This suggests that the text may be in a language that uses those diacritical marks. Additionally, some of the words in the text, such as ""frijheid,"" ""rjocht,"" and ""ûntfangen,"" are not common in English but can be found in Frisian, which is a recognized minority language in the Netherlands and Germany. Therefore, the text is most likely in the Frisian language.","Elk hat rjocht op frijheid fan miening en mieningsutering. Dat rjocht hâldt de frijheid yn om sûnder ynminging in miening te hawwen en om troch alle middels en sûnder grinzen acht te slaan, ynljochtings en tinkbylden op te spoaren, te ûntfangen en troch te jaan."
fur,Friulian,Lingua: Friulano.,"The text is written in Friulano, a minority language spoken in Friuli-Venezia Giulia, a region in Northeastern Italy, and some neighboring areas. Friulano shares similarities with other Romance languages, especially Italian, but has its own unique features, such as a distinctive sound system and its use of definite articles that change depending on the gender and number of the noun they are attached to.","Ogni individui al à derit a la libertât di impinion e di espression, dutun cul derit di no jessi lambicât par vie de sô idee e il derit di cirî, di vê e di propagandâ informazions e ideis cun ogni mieç e cence limitazions."
gle,"Gaelic, Irish",Irish (Gaeilge),"The text appears to be in the Irish language, also known as Gaeilge. The use of diacritics (accents on letters) such as the fada in ""tuairimí"" and ""chéart"" are typical of Irish orthography. Additionally, the sentence structure and vocabulary are consistent with that of the Irish language.","Tá ag gach uile dhuine an ceaqrt chun saoirse tuairime agus chun saoirse nochtuithe tuairime; áirítear sa cheart sin saoirse chun tuairimí a bheith aige gan aon bhac air, agus chun eolas agus smaointe a lorg, a ghlacadh agus a leathadh trí mheáin ar bith, gan aird ar chríoch-theoranta."
glg,Galician,Galician.,"I recognized the last text as Galician for several reasons:

1. The text uses ""dereito"" instead of ""derecho"", which is the word for ""right"" in Portuguese and Spanish, respectively.

2. The text includes some phonetic characteristics associated with Galician, such as the use of the nasalized ""ã"" (as in ""fronteiras"").

3. The grammar used in the text matches that of Galician, particularly in the use of the preposition ""por"" instead of ""de"" in certain contexts, and the use of certain verb conjugations.

Therefore, based on these factors, I identified the last text as being in Galician.","Todo individuo ten dereito á liberdade de opinión e de expresión; este dereito inclúe o de non ser molestado por mor das súas opinións, o de investigar e recibir informacións e opinións e o de difundilas, sen limitación de fronteiras, por calquera medio de expresión."
hat_kreyol,Haitian Creole French (Kreyol),Haitian Creole.,"I identified the language as Haitian Creole based on several clues:

- The use of the words ""tout moun"" and ""dwa"" are indicative of a language that has strong French influence, which Haitian Creole does.
- The word ""enfòmasyon"" is spelled with Haitian Creole orthography, which uses the letter ""ò"" instead of ""o"" as in French.
- The grammar and sentence structure of the text exhibit characteristics typical to Haitian Creole.

Based on these clues, I concluded that the text was written in Haitian Creole.","Tout moun gen dwa a libète lide yo ak lapawol yo, kidonk dwa pou yo pa enkiete yo a koz lide yo ak dwa tou pou yo chèche, resevwa epi tou piblye, san konsiderasyon fwontiè, enfòmasyon ak lide pa nenpot ki mwayen ki ekziste pou yo piblye yo."
hau_3,Hausa,Hausa,"The text you provided is in the Hausa language. Hausa is a Chadic language spoken mainly in Nigeria and other West and Central African countries as a lingua franca. The sentence structure, vocabulary, and grammar in the text are consistent with the features of the Hausa language.","Kowanne mutum yana da ‘yancin bayyana ra’ayinsa; wannan ‘yanci kuwa ya hana a yi masa shisshigi kan wannan ra’ayi nasa, yana kuma da damar nema da karva da kuma fitar da duk wasu bayanai ta hanyar amfani da kafofin yaxa labarai ba tare da yin iyaka ba."
haw,Hawaiian,This appears to be Hawaiian.,"I identified the language as Hawaiian because the text contains diacritical marks such as the kahako (macron) above the vowels. This is a defining feature of the Hawaiian language, which uses these diacritical marks to indicate long vowels. Additionally, the grammatical structure and vocabulary of the text also match those of Hawaiian language.","Ua noa i nā kānaka apau ke kū’oko’a o ka mana’o a me ka hō’ike ‘ana i ka mana’o; ‘a’ole ho’i e ho’opilikia ‘ia, a ua noa ho’i ka ‘imi, ka loa’a, a me ka ho’olaha ‘ana aku i ka ‘ike ma nā ‘ano apau, a i ‘ō aku ho’i o nā palena ‘āina apau."
heb,Hebrew,Hebrew,"The text is written from right to left which is a characteristic feature of the Hebrew language. Additionally, the use of the Hebrew script and the recurrent use of Hebrew-specific characters like ""ז"", ""ח"", ""ק"", and ""גבולות"" further confirms that the language is Hebrew. Finally, the content of the text is also consistent with the Hebrew language, as the text refers to individual rights in a way that is similar to how such concepts are expressed in Hebrew.","כל אדם זכאי לחירות הדעה והבטוי, לרבות החירות להחיק בדעות ללא כל הפרעה, ולבקש ידיעות ודעות, ולקבלן ולמסרן בכל הדרכים וללא סייגי גבולות."
hin,Hindi,Hindi,"The text appears to be a translation of the Universal Declaration of Human Rights' article 19, which talks about the fundamental right to freedom of opinion and expression without interference and regardless of borders, and including the right to seek, receive, and impart information and ideas through any means of communication. The use of Devanagari script in the text suggests that it is written in Hindi.","प्रत्येक व्यक्ति को विचार और उसकी अभिव्यक्ति की स्वतन्त्रता का अधिकार है । इसके अन्तर्गत बिना हस्तक्षेप के कोई राय रखना और किसी भी माध्यम के ज़रिए से तथा सीमाओं की परवाह न कर के किसी की मूचना और धारणा का अन्वेषण, प्रहण तथा प्रदान सम्मिलित है ।"
hrv,Croatian,Croatian.,"There are few different languages that use the Latin script and have similar grammatical structures, such as Serbian, Bosnian, and Croatian. However, based on the vocabulary and grammar used in the given text, I can confidently say that it is in Croatian. Additionally, the use of the word ""sredstvima"" in the text, which means ""means"" or ""methods"" in English, is a clear indication that the language is Croatian.","Svatko ima pravo na slobodu mišljenja i izražavanja; ovo pravo uključuje slobodu mišljenja, bez tuđeg miješanja, a isto tako i traženje, primanje i priopćavanje obavijesti i ideja bilo kojim sredstvima i bez obzira na granice."
hsb,"Sorbian, Upper",The text is in the Sorbian language.,"The text you provided appears to be written in the Upper Sorbian language. This is a Slavic language spoken by the Sorbian people in the region of Lusatia, which spans parts of eastern Germany and western Poland. The use of diacritical marks, such as the háček over the ""ć"" and ""š"" characters, is a common feature of Slavic languages, and the word ""kuli"" (which I assume is meant to be ""kúli"") is a Sorbian word meaning ""any"" or ""every"".","Kóždy ma prawo na swobodu měnjenja a wuprajenje měnjenja tute prawo wopłija njehaćenu swobodu měnjenja a swobodu, sej njedźiwajo na statne hranicy informacije a ideje ze srědkami kóždehožkuli razu wobstarać, płijimować a dale dawać."
hun,Hungarian,Hungarian,"The text appears to be a translation of the passage provided in the previous message, and the text contains several characteristic features of the Hungarian language, such as the use of specific vowel and consonant sounds, word order, and grammatical structures. Additionally, the fact that there are no diacritic marks used on the letters in the text suggests that the text has been written using a standard Latin alphabet-based writing system, which is commonly used in Hungarian language. Therefore, based on these features, I concluded that the text is most likely written in Hungarian.","Minden személynek joga van a vélemény és a kifejezés szabadságához, amely magában foglalja azt a jogot, hogy véleménye miatt ne szenvedjen zaklatást és hogy határokra való tekintet nélkül kutathasson, átvihessen és terjeszthessen híreket és eszméket bármilyen kifejezési módon."
hye,Armenian,Armenian.,"I recognized the Armenian script in the text. The language is clearly written using the Armenian alphabet, which consists of 38 letters. The text also contains some Armenian-specific orthographic conventions, such as the use of the letter ""ու"" to represent the sound ""u."" Finally, I confirmed my identification by checking the text against a sample of Armenian language text.","Ամեն ոք ունի համոզմունքներ ունենալու և արտահայտվելու իրավունք․ այս իրավունքը ներառնում է համոզմունքներին անարգել հավատարիմ մնալու և տեղեկություններ ու գաղափարներ որոնելու, ստանալու ու տարածելու ազատություն, լրատվության ցանկացած  միջոցներով, անկախ պետական սահմաններից։"
ibo,Igbo,Igbo,"I identified the language of the text as Igbo based on the distinct orthography, phonology, and word structures of the sentence. The use of diacritics (such as dotted and accented letters), consonant clusters, and tone markers are consistent with the standard writing system of the Igbo language. Additionally, the sentence structure and vocabulary match the syntax and lexicon of Igbo, particularly in terms of noun phrase order, verb conjugation, and adjectival agreement.","Onye ọ bụla nwere ohere uche aka ya na nkwupụta uche ya: ikike a gbakwunyere ohere ịkwụdo n'echiche n'enweghi nnyonye anya na nke ịchọ, ịnata na ịgbasa ozi na echiche site n'ụzọ ọ bụla n'agbanyeghi oke ala."
ina,Interlingua,Occitan.,"The text is written in a Romance language that resembles Spanish, but it is not quite the same. In addition to certain phonetic and grammatical differences, there are some unique vocabulary choices that point towards Occitan. For example, ""derecto"" is a spelling variant of the Occitan word ""dreit"" which means ""right"" or ""law"". Furthermore, the use of the article ""lo"" before ""derecto"" is common in Occitan but not in modern Spanish. Finally, the mention of ""frontieras"" instead of the standard Spanish word ""fronteras"" suggests that the text was written in a dialect that is closer to the Occitan spoken in Southern France.","Tote persona ha le derecto al libertate de opinion e de expression, lo que implica le derecto de non esser molestate a causa de su opinion, le derecto de investigar e reciper informationes e opiniones, e le derecto de diffunder los, sin limitation de frontieras, per qualcunque medio de expression."
ind,Indonesian,Indonesian,"The text is written using Latin script, which is used in several languages around the world, making it difficult to identify the language based solely on the script. However, the use of certain words and grammar structures such as ""Setiap orang berhak"" and ""dalam hak ini"" suggest that the language is Indonesian. Additionally, the mention of ""batas-batas (wilayah)"" which translates to ""borders (territory)"" confirms the language as Indonesian, since this concept is specific to the political and geographical context of Indonesia.","Setiap orang berhak atas kebebasan mempunyai dan mengeluarkan pendapat; dalam hak ini termasuk kebebasan memiliki pendapat tanpa gangguan, dan untuk mencari, menerima dan menyampaikan informasi dan buah pikiran melalui media apa saja dan dengan tidak memandang batas-batas (wilayah)."
isl,Icelandic,Icelandic,"The text you provided appears to be a translation of the well-known article 19 of the Universal Declaration of Human Rights which states: ""Everyone has the right to freedom of opinion and expression; this right includes freedom to hold opinions without interference and to seek, receive and impart information and ideas through any media and regardless of frontiers."" 

In this case, the text was translated into Icelandic, due to the use of specific characters and word choices indicative of Icelandic language.","Hver maður skal frjáls skoðana sinna og að því að láta þær í ljós. Felur slíkt frjálsræði í sér réttindi til þess að leita, taka við og dreifa vitneskju og hugmyndum með hverjum hætti sem vera skal og án tillits til landamæra."
ita,Italian,Italian,"I identified the language of the text as Italian because it contains several Italian-specific linguistic features including the use of the word ""ogni"" which means ""every"" or ""each"" in English, the ending ""-ione"" which is a common noun ending in Italian, and the use of the verb ""diffondere"" which means ""to spread"" or ""to disseminate"" in English. These features indicate that the text is likely written in Italian.","Ogni individuo ha diritto alla libertà di opinione e di espressione incluso il diritto di non essere molestato per la propria opinione e quello di cercare, ricevere e diffondere informazioni e idee attraverso ogni mezzo e senza riguardo a frontiere."
jav,Javanese (Latin),Javanese,"The text is written in Javanese, which is a language spoken on the island of Java in Indonesia. The sentence contains several Javanese words such as ""saben"" which means ""every"", ""darbe"" which means ""has"", ""hak bebas"" which means ""freedom of"", ""mratelakake"" which means ""express"", ""panemume"" which means ""opinion"", ""kalebu"" which means ""which includes"", ""duwe"" which means ""possess"", ""darbe"" which means ""rights"", ""diregoni/diganggu"" which means ""disturbed"", ""nampa"" which means ""obtaining"", ""sarta"" which means ""and"", ""informasi"" which means ""information"", ""pamikiran"" which means ""ideas"", ""lumantar"" which means ""through"", ""media"" which means ""media"", ""apa wae"" which means ""whatever"", ""kanthi"" which means ""with"", ""tanpa mawas watesing"" which means ""without being limited by"", and ""wewengkon laladan"" which means ""borders.""","Saben uwong darbe hak ingatase hak bebas mratelakake panemume, kalebu duwe hak bebas darbe panemu tanpo diregoni/diganggu, lan kanggo ngupaya, nampa sarta mratelakake informasi lan pamikiran penemune lumantar media apa wae kanthi tanpa mawas watesing wewengkon laladan."
jpn,Japanese,Japanese,"I identified the last sentence as belonging to the Japanese language because of several clues. 

Firstly, the sentence contains Japanese characters or kanji, which are unique to the Japanese writing system.

Secondly, the sentence structure follows that of the Japanese language. Japanese sentences usually have a subject and a predicate, but the order of the sentence elements can vary depending on the intended emphasis.

Finally, the use of particles in the sentence, such as ""を"" and ""に"" which mark the direct and indirect objects respectively, is a characteristic of the Japanese language.",すべて人は、意見及び表現の自由を享有する権利を有する。この権利は、干渉を受けることなく自己の意見をもつ自由並びにあらゆる手段により、また、国境を越えると否とにかかわりなく、情報及び思想を求め、受け、及び伝える自由を含む。
kat,Georgian,Georgian,"The text contains the Georgian alphabet characters, and the syntax and grammar of the text are consistent with that of the Georgian language. Additionally, the first few words of the text ""ყოველ ადამიანს აქვს უფლება"" match the beginning of the first article of the Universal Declaration of Human Rights in Georgian language.","ყოველ ადამიანს აქვს უფლება აზრისა და გამოხატვის თავისუფლებისა. ეს უფლება მოიცავს ადამიანის თავისუფლებას დაუბრკოლებლად გამოთქვას საკუთარი აზრი და ყველანაირი საშუალებებით მოიძიოს, მიიღოს და გაავრცელოს ინფორმაცია და მოსაზრებები სახელმწიფო საზღვრებისაგან დამოუკიდებლად."
kaz,Kazakh,Kazakh,"The text appears to be written in the Latin-based Kazakh alphabet, which is used to write the Kazakh language. The use of diacritical marks such as the acute accent and the diaeresis to indicate vowel sounds in the text is consistent with the orthographic rules of the Kazakh language. Additionally, the content of the text, which appears to be a statement affirming the right to freedom of expression and opinion without fear of censorship or persecution, is consistent with the values enshrined in the Constitution of Kazakhstan.","Әр адам наным‐сенім бостандығына және өз көзқарасын еркін білдіруіне құқығы бар; бұл құқық өз наным‐сенімін кедергісіз ұстану еркіндігін және мемлекеттік шекаралар тәртібіне тәуелді болып қалмай, ақпараттар мен идеяларды еркін іздеп, кез‐келген құралдар арқылы тарату бостандығын да қамтыйды."
kbd,Kabardian,This appears to be the Cyrillic script used for the Ingush language.,"The text contains characters from the Cyrillic script and is not recognizable as any of the other languages that use the Cyrillic script, such as Russian or Bulgarian. Further, based on the information provided by the user that it is Ingush, it is highly likely that the text is written in Cyrillic script as this is the official writing system used for the Ingush language in Russia.","Дэтхэнэ зы цӏыхум хуитыныгъэ иІэщ зэрыхуейуэ гупсысэну, и гупсысэхэр къиІуэтэну. Мы хуитыныгъэм хэтщ цІыхур и гупсысэхэм къыхэкІкІэ зыми къимыгъэгумэщІыну, къэралыгъуэ гъунапкъэхэм емылъытауэ щІэныгъэхэр, гупсысэхэр сыт хуэдэрей гъуэгукІи къэхутэн-къэпщытэн, зыІэрыгъэхьэн хуитыныгъэри."
khk,"Mongolian, Halh (Cyrillic)",Mongolian,"The passage you provided is written using the Cyrillic alphabet, which is primarily used in Slavic countries and some non-Slavic languages such as Mongolian. However, certain phonetic and orthographic characteristics of the text, such as the presence of the diacritic mark ""ө"" (representing the sound /ø/) and the structure of some words, suggest that it is written in Mongolian rather than any of the Slavic languages that use Cyrillic.","Хүн бүр өөрийн зэл бодолтой байж, түүнийгээ чөлөөтэй илэрхийлэх эрхтэй, үүнд үзэл бодлоо ямар ч хориг цээргүй баримтлах, аливаа үзэл санаа, мэдээллийг улсын хилийн заагаар үл хязгаарлан боломжтой арга замаар эрж сурвалжлах, олж ашиглах, түгээн дэлгэрүүлэх эрх багтана."
kir,Kirghiz,Kyrgyz,"The text appears to be written in the Kyrgyz language, a Turkic language spoken primarily in Kyrgyzstan. There are several linguistic clues that suggest this:

1. The use of special characters such as the ""ү"" and ""ө"" which are common in the Kyrgyz language but not in other Turkic languages.

2. The use of specific grammatical structures common in the Kyrgyz language such as the postposition ""гана"" and the use of the auxiliary verb ""болбосун"".

3. The content of the text, which is likely to be a translation of a universal declaration or human rights document that has been translated into Kyrgyz.","Ар бир адам ынанымда болуу эркиндигине жана аны эркин билдирүү укугуна ээ; бул укук өз ынанымында тоскоолсуз бекем турууну жана мамлекеттик чек араларга карабастан маалыматты жана идеяларды кандай гана болбосун каражаттар менен издөө, кабыл алуу жана таратуу эркиндигин камтыйт."
kjh,Khakas,Kazakh,"The text appears to be written in the Latin-based Kazakh alphabet. The presence of several diacritics, such as the acute accent, cedilla, and umlaut, suggest that this is a Turkic language. The use of the letter ""ғ"" and ""ң"" are also distinctive features of the Kazakh alphabet. Finally, the sentence structure and grammar seen in the text are consistent with the Kazakh language.","Полған на кізінің пар тјре пос оңдайлығ киртініске паза пос оларды чоохтирға; пу тјренің санда пар свобода тудых чох позының киртініс тудынарға паза пос  оңдайлығ тілирге,  аларға паза тарадарға информацияны паза идеяларды хайдығ да  кирек нимелердің хазна границелерге даа кјрбин."
kmr,"Kurdish, Northern",Kurdish (Sorani),"The text you provided is the Kurdish (Sorani) translation of the following statement:

""Everyone has the right to freedom of opinion and expression; this right includes freedom to hold opinions without interference and to seek, receive and impart information and ideas through any media and regardless of frontiers.""

I identified it as Kurdish (Sorani) because of the presence of diacritical marks, which are commonly used in the Kurdish language. Additionally, the structure and syntax of the text are consistent with the Kurdish language family.","Herkes mafê azadiya fikr û îfade heye; mafê ji ber ramanên xwe nehatin êşandin û herweha mafê bêî nasîna tu sînoran û bi her cure navgînan li agahdariyan û fikran gerîn, wan bi dest xistin û îfade û belavkirin dikevin nav vî mafî."
kor,Korean,Korean (한국어),"The Korean language is characterized by its unique alphabet system, known as Hangul. The text provided in the last message shows the use of Korean grammar and sentence structure. Additionally, the use of the word ""자유"" which means ""freedom"" and ""의견"" which means ""opinion"" are two common words used in the Korean language. Also, the use of honorifics such as ""모든 사람"" which means ""everyone"" and ""권리를 가진다"" which means ""has the right"" are common in Korean communication style. These allow me to confidently infer that the language used in the previous message is Korean.","모든 사람은 의견의 자유와 표현의 자유에 대한 권리를 가진다. 이러한 권리는 간섭없이 의견을 가질 자유와 국경에 관계없이 어떠한 매체를 통해서도 정보와 사상을 추구하고, 얻으며, 전달하는 자유를 포함한다."
lad,Ladino,Spanish,"The text uses several distinctive features of the Spanish language: 

1. The use of the letter ""ñ"" in ""expresión"".
2. The use of accents to mark stress in words, such as ""derecho"", ""inquietado"", ""causa"", ""buscar"", ""recibir"", ""difundir"" and ""comunicación"".
3. The use of suffix ""-ción"" to form abstract nouns from verbs, such as ""expresión"" and ""comunicación"".
4. The use of the pronoun ""uno"" instead of ""cada uno"" in the first sentence.
5. The use of ""k"" instead of ""qu"" in ""buscar"" and ""comunicación"", which is a common feature in Spanish texting or social media language.","Kada uno i uno tiene derecho de libertad de opinion i de ekspresion. Este derecho inkluye el de no estar molestado a kavza de sus opiniones, i bushkar, resivir, i difundir informasion i ideas, por kualker medio de komunikasion, sin limitasion de frontieras."
lat,Latin,Latin,"The text you provided contains several Latin words and grammatical structures that are typical of the Latin language. Here are some examples:

- ""Suae quisque ipsius libertatis potestatem habet"" is a Latin phrase that means ""everyone has the power of their own freedom"".
- ""Opinandi et loquendi"" is a list of two present active participles, which is a common way to express multiple verbs in Latin.
- ""Nulla molestia affectus"" means ""having been affected by no trouble"", where ""nulla"" is the feminine ablative form of ""nullus"" (""no"").
- ""Atque nuntios et opiniones indagandi accipiendi divulgandi omnibus modis et nullis impedimentis"" means ""and investigating, receiving, and spreading messages and opinions in all ways and with no obstacles"". The structure ""verbing + gerundive"" (e.g. ""indagandi accipiendi divulgandi"") is another common way to express multiple verbs in Latin.

Based on these features and other linguistic clues, it is reasonable to conclude that the text is written in Latin.","Suae quisque ipsius libertatis potestatem habet, et opinandi et loquendi, de sua sententia nulla molestia affectus, atque nuntios et opiniones indagandi accipiendi divulgandi omnibus modis et nullis impedimentis."
lav,Latvian,Latvian.,"I recognized the text as a translation of the Universal Declaration of Human Rights, specifically Article 19, which guarantees the right to freedom of opinion and expression. The use of diacritical marks (such as ā, ģ, š) in the text suggested that the language could be Latvian, which was confirmed by consulting a Latvian-language version of the declaration.","Ikvienam ir tiesības uz pārliecības un izteiksmes brīvību; šīs tiesības ietver brīvību bez iejaukšanās palikt pie saviem uzskatiem un meklēt, saņemt un izplatīt informāciju un idejas ar jebkuriem informācijas līdzekļiem neatkarīgi no valstu robežām."
lin,Lingala,"This text appears to be in Lingala, a Bantu language spoken in the Democratic Republic of","My reasoning for identifying the language in the last text as Lingala is based on the distinctive characteristics of the words, grammar, and syntax used in the text. Lingala is a widely spoken language in the Democratic Republic of Congo and is characterized by its use of tonality, proverbs, and expressions. In the text, for example, we can see that the use of phrases like ""na ndenge"" (which means ""by any means necessary"" in Lingala) is a typical expression in Lingala language. Other features such as the use of ""yango"" as a pronoun that refers to an earlier mentioned concept, ""bomo"" meaning ""fear"" or ""anguish"", and ""kopanza mayebisi"" meaning ""to share information"" are also typical to Lingala.","Moto nyonso azali na likoki ya bokanisi pe bolobi; yango ekopesa ye ndingisa ya kozala na bomo na motema te likolo ya makanisi na ye ndingisa ya koluka, kozwa pe kopanza mayebisi na makanisi esika na esika, na ndenge alingi koyebisa yango."
lit,Lithuanian,Lithuanian.,"The text you provided is written using the Lithuanian alphabet and contains a number of Lithuanian diacritic marks, such as the letters ""č,"" ""š,"" and ""ų."" These diacritic marks are not present in other languages that use the Latin alphabet. Additionally, the grammar and syntax of the text are consistent with Lithuanian language patterns.","Kiekvienas žmogus turi teisę į įsitikinimų ir jų reiškimo laisvę, kuri apima teisę nekliudomai laikytis savo įsitikinimų ir teisę ieškoti, gauti ir skleisti informaciją ir idėjas nepriklausomai nuo valstybių sienų, ir nesvarbu, kokiomis priemonėmis jos būtų išreikštos."
ltz,Luxembourgeois,Luxembourgish.,"There are a few indications that the language of the text you provided is Luxembourgish:

1. The use of umlauted characters (ë, é) is common in Luxembourgish, which is not the case in many other languages, including French and German.

2. The word ""Mënsch"" is a spelling variation of ""Mensch,"" which means ""human"" or ""person"" in German. However, the use of this spelling is exclusively found in Luxembourgish.

3. The phrase ""fir sech auszedrécken"" in the last sentence is again a typical expression in Luxembourgish, which means ""to express oneself."" The same phrase in German would be ""sich auszudrücken"" or in French, ""s'exprimer."" 

Overall, these features indicate that the text is in Luxembourgish.","All Mënsch huet d'Recht op eng fräi Menong a fir se fräi auszedrécken, an deem och d'Recht mat dran as op eng Menong fräi vu Fuurcht an dat Recht fir Informatiounen an Iddiën ze sichen, ze kréien an ze verbrede mat all dene Mëttele fir sech auszedrécken, déi et gët an ouni sech mussen u Grenze vu Länner ze halen."
mar,Marathi,Marathi.,"The text is written in the Devanagari script which is primarily used for writing Sanskrit, Hindi, Marathi and a few other languages of the Indian subcontinent. The use of the script alone cannot determine the language, so I looked at the words and grammar used in the text for further analysis. The grammar and the vocabulary used in the text suggest that it is Marathi, which is an Indo-Aryan language predominantly spoken in the Indian state of Maharashtra.","प्रत्येकास मतस्वातंत्र्य व भाषणस्वातंत्र्य असण्याचा अधिकार आहे. या अधिकारात कोणतीही ढवळाढवळ न होता मत बाळगण्याच्या स्वातंत्र्याचा. तसेच कोणत्याही माध्यमातून व सीमांचा विचार न करता माहिती व विचार ग्रहण करण्याचा प्रयत्न करणे, ती मिळविणे व इतरांना ती देणे यासंबंधीच्या स्वातंत्र्याचा समावेश होतो."
mkd,Macedonian,Macedonian.,"There are a few clues that led me to believe that the text is in Macedonian:

1. The use of the Cyrillic script: The text is written using the Cyrillic alphabet. While this script is used in several languages, including Russian, Bulgarian, and Serbian, the specific combination of letters used in this text is more indicative of Macedonian.

2. Grammatical patterns: Certain phrases in the text, such as ""ова право ја вклучува"" (""this right includes""), use patterns of grammatical declension and conjugation that are distinct to the Macedonian language.

3. Vocabulary: Some of the specific words used in the text, such as ""граници"" (""borders"") and ""медиумите"" (""media""), are more commonly used in Macedonian than in other languages that use the Cyrillic script.","Секој има право на слобода на мислење и изразување. Ова право ја вклучува и слободата да се застапува одредено мислење без никакво вмешување и да се бараат, да се примаат и да се даваат информации и идеи преку медиумите и без оглед на границите."
mxv,"Mixtec, Metlatónoc","This appears to be in the Tarifit language, which is a Berber language spoken in","I identified the last text as written in Tarifit based on certain phonetic and orthographic patterns that are typical of the Berber languages spoken in North Africa. The use of the glottal stop consonant represented by the symbol ""Ɂ"" is a common feature in Berber languages such as Tarifit. Additionally, the use of diacritical marks (such as the dot under the letter ""ñ"") is also a typical feature of Berber languages. Finally, the vocabulary and syntax of the text also fit with the Tarifit language, which is primarily spoken in Morocco.","Taka tu'u ma ñayi, iyo ja ku kundutu'tu-i te kundatnu-i, te kuka'a-i iín iín naxi ja-ini-i. Suka iyo ja ñatu na kasi yu'u ñayi ka'am, ku saja-i tnu'u, naxi kuini ma-i."
nav,Navajo,Navajo,"The text appears to be written using a combination of Latin characters and diacritical marks, which are typical in Navajo orthography. The use of specific Navajo words such as ""nízhdiiláago"" and ""doo hániʼ iidoolííłda"" also suggests that the language is Navajo. Additionally, the use of complex consonant clusters is a common feature in Navajo language.","Tʼáá ájíłtsoh tʼáadooleʼé baa ntsíjíkeesgo bee hazdoodzihgo bee háhazʼą́. Díí baa ntsíjíkeesígíí éí héídah doo hániʼ iidoolííłda. Áádóó bikah nazhnitáago dóó nízhdiiláago bee hadeesdzih jinizingo béésh halneʼé, naalkidídah doodaiiʼ naaltsoos biyiʼjį́ʼ bee hazdoodzihgo bee háhazʼą́."
nds,"Saxon, Low","This text appears to be written in Low German or ""Plattdeutsch"".","The text you provided contains several distinctive features of Low German or ""Plattdeutsch"" such as capitalizing the first letter of nouns, the use of the article ""dat"" instead of ""das"" for the neuter gender, and the use of the umlauts ""ü"" and ""ö"" which are not present in standard German. Moreover, the vocabulary and the sentence structure are typical of Low German, which is a group of Low Franconian dialects spoken in Northern Germany and the eastern part of the Netherlands. Therefore, based on these characteristics, it can be concluded that the text is written in Low German.","Elk un een hett dat Recht up frie Menen un daarup, sien Menen frie to seggen. Daarto hört de Frieheit, sien Menen ahn Inschränken künnig to maken, ok hört daarto, över  dräger vun elkeen Aart över all Scheden hen Informatschonen un Gedankengoot to söken, to bekamen un wiedertogeven."
nhn,"Nahuatl, Central",Nahuatl.,"The text contains several words and grammatical structures that are typical of the Nahuatl language. For instance, the use of ""tl"" and ""x"" sounds, and words like ""tlajtoli"" (language), ""ipan"" (in), ""nochi"" (also), ""tochaj"" (someone), ""kuali"" (good), ""kikualitaj"" (to understand), ""nekikolistli"" (border) are all characteristic of Nahuatl. Additionally, the sentence structure in this text is very different from that of most Indo-European languages, which is further evidence that this is a text in a language that is not Indo-European.","Amo akaj uelis techkamatsakuas, para amo tlen ma tikijtokaj, nochi tojuantij tijpiaj manoj tikonijtosej nojkia se tlajtoli ipan tochaj o ipan se nechikolistli, tekiuaj axuelis techtlatsakuiltis pampa tikonijtojkej se tlajtoli tlen sekinokej amo kikualitaj. Uan axonkaj manoj nopeka se akajya ma techijlamiktiaj o techistlakatitiaj ika sekinokej tlen tlajtoli tikonijtojkej. Yeka moneki ma ika kuali tikonijtokaj nopa tlajtoli, para ijkinoj amo timokualankateemosej."
nld,Dutch,Dutch,"Sure! The text you provided appears to be a translation of Article 19 of the Universal Declaration of Human Rights, which was originally written in English. However, the language you provided is Dutch, which is the official language of the Netherlands and one of the official languages of Belgium and Suriname. The use of words like ""vrijheid,"" ""inmenging,"" and ""grenzen"" are all typical of the Dutch language, which is why I identified it as such.","Een ieder heeft recht op vrijheid van mening en meningsuiting. Dit recht omvat de vrijheid om zonder inmenging een mening te koesteren en om door alle middelen en ongeacht grenzen inlichtingen en denkbeelden op te sporen, te ontvangen en door te geven."
nno,"Norwegian, Nynorsk",Norwegian (Bokmål),"The text appears to be in Norwegian Bokmål, as it contains several features that are characteristic of this language variety. For example, the words ""meinings-"" and ""ytringsfridom"" are common in Bokmål and are used to refer to the freedom of expression. Additionally, several grammatical structures and word order patterns also suggest a Norwegian origin, such as the use of ""Alle skal ha"" (""Everyone shall have"") to express a universal principle.","Alle skal ha meinings- og ytringsfridom. Denne retten gjeld fridom til å ha meiningar utan innblanding, til å søkje, ta imot og gjere kjent opplysningar og idear gjennom alle dei informasjonskanalar som finst, og på tvers av alle grenser."
nob,"Norwegian, Bokmål",Norwegian (Bokmål),"The text provided is written in Bokmål, which is one of the two official written standards for the Norwegian language. Bokmål is used by the majority of the Norwegian population and is based on the written Danish language, with some modifications and influences from other Norwegian dialects. The vocabulary and grammar used in the text are characteristic of Bokmål, and the use of special characters like ""ø"" and ""å"" further confirms that this is written in a Scandinavian language.","Enhver har rett til menings- og ytringsfrihet. Denne rett omfatter frihet til å hevde meninger uten innblanding og til å søke, motta og meddele opplysninger og ideer gjennom ethvert meddelelsesmiddel og uten hensyn til landegrenser."
pan,"Panjabi, Eastern",Punjabi,"The use of Gurmukhi script is a clear indication that the text is in a language called Punjabi. Additionally, the specific combination of letters, diacritical marks, and punctuation used in the text is consistent with Punjabi orthography. The content of the text also suggests that it is written in Punjabi, as it refers to a person's right to express their opinion and receive information, which is a topic that is likely to be discussed in publications in Punjabi language.","ਹਰੇਕ ਵਿਅਕਤੀ ਨੂੰ ਆਪਣੀ ਰਾਏ ਰੱਖਣ ਅਤੇ ਪ੍ਰਗਟ ਕਰਨ ਦਾ ਹੱਕ ਹਾਸਲ ਹੈ । ਇਸ ਹੱਕ ਵਿਚ ਬਗੈਰ ਕਿਸੇ ਦਜ਼ਲ ਅੰਦਾਜ਼ੀ ਤੋਂ ਆਪਣੀ ਰਾਏ ਰੱਖਣ ਦੀ ਆਜ਼ਾਦੀ ਸ਼ਾਮਲ ਹੈ ਅਤੇ ਦੇਸ਼ ਕਾਲ ਦੀਆਂ ਹੱਦਾਂ ਤੋਂ ਮੁਕਤ ਹੋ ਕੇ ਕਿਸੇ ਵੀ ਮਾਧਿਅਮ ਰਾਹੀਂ ਜਾਣਕਾਰੀ ਤੇ ਵਿਚਾਰ ਮੰਗਣ, ਲੈਣ ਤੇ ਜਾਣਕਾਰੀ ਦੇਣ ਦਾ ਹੱਕ ਇਸ ਅਧਿਕਾਰ ਵਿਚ ਸ਼ਾਮਲ ਹੈ ।"
pap,Papiamentu,Papiamento,"I identified the last text as Papiamento based on the presence of words and structures that are characteristic of this language. Papiamento is a creole language that originated in the Dutch Caribbean, and it has influences from Portuguese, Spanish, Dutch, and indigenous languages. 

Some of the features that can be found in the text and are typical of Papiamento are:

- The use of ""tin"" as a verb meaning ""to have,"" which is a feature of Portuguese creoles.
- The use of ""riba"" and ""via"" as prepositions meaning ""on"" and ""via,"" respectively, which are also present in Spanish and Portuguese.
- The structure ""tin derecho riba"" to express the right ""to"" something, which is a common construction in Papiamento.
- The use of ""aki"" to mean ""this"" or ""here,"" which is a characteristic of Papiamento.
- The use of ""interferencia"" instead of ""intervenshon"" to express interference or intervention, which is a feature of the Papiamento spoken in Aruba, where Spanish influence is more prominent. 

All these features combined led me to identify the text as Papiamento.","Tur persona tin derecho riba libertad di opinion y di expresion; e derecho aki ta inclui e libertad di tin opinion sin interferencia y di busca, haya y suministra informacion y idea via cualke medio y sin limitacion di frontera."
pcm,"Pidgin, Nigerian",The text appears to be written in Nigerian Pidgin English.,"There are several unique features in the text that indicate that it is written in Nigerian Pidgin English. 

The use of ""naim"" instead of ""na"" in the first sentence, the use of ""get right to"" instead of ""have the right to"" or ""are entitled to"" throughout the text, and the use of ""tink"" instead of ""think"" are all common features of Nigerian Pidgin English. 

Additionally, the use of ""sef"" instead of ""too"" in the sentence ""Even sef di person get right to look for or get any information wey e like from any where"" is another common feature of Nigerian Pidgin English.","Everione naim get right to tink or talk wetin e like about any mata. Naim be say wen di person tink about wetin e like, nobodi get right to say make e no tink like dat. Even sef di person get right to look for or get any information wey e like from any where."
pes_1,"Farsi, Western",Persian,"The text seems to be a translation of the famous Article 19 of the Universal Declaration of Human Rights, and Persian is one of the official languages of the United Nations, which is responsible for the declaration. Additionally, the use of Arabic script suggests that the text may belong to a language that uses the Arabic script, such as Persian or Arabic itself.",هر کس حق آزادی عقیده و بیان دارد و حق مزبور شامل آنست که از داشتن عقاید خود بیم و اضطرابی نداشته باشد و در کسب اطلاعات و افکار و در اخذ و انتشار آن بتمام وسائل ممکن و بدون ملاحظات مرزی آزاد باشد.
pol,Polish,Polish,"The text you provided appears to be written in Polish. Some of the language characteristics that suggest this are:

- The use of diacritic marks such as the ogonek (a small hook) under the letters 'ą' and 'ę'
- The presence of words that are specific to the Polish language, such as ""człowiek"" (person), ""prawo"" (right), and ""wyrażania"" (expressing)
- The sentence structure and grammar align with how sentences are constructed in Polish. For example, the use of the infinitive forms of verbs at the beginning of the sentence (""posiadanie,"" ""poszukiwania,"" ""otrzymywania,"" and ""rozpowszechniania"") is typical in Polish grammar.","Każdy człowiek ma prawo wolności opinii i wyrażania jej; prawo to obejmuje swobodę posiadania niezależnej opinii, poszukiwania, otrzymywania i rozpowszechniania informacji i poglądów wszelkimi środkami, bez względu na granice."
por_BR,Portuguese (Brazil),Portuguese.,"The text is the Universal Declaration of Human Rights article 19, which declares the right to freedom of opinion and expression. The text is written in a Romance language, and it contains words such as ""indivíduo"", ""direito"", ""liberdade"", ""opinião"", ""expressão"", ""informações"", and ""fronteiras,"" which are not only commonly used in Portuguese but also directly translate to their equivalents in the text.","Todo ser humano tem direito à liberdade de opinião e expressão; este direito inclui a liberdade de, sem interferência, ter opiniões e de procurar, receber e transmitir informações e idéias por quaisquer meios e independentemente de fronteiras."
por_PT,Portuguese (Portugal),Portuguese.,"I identified the language of the text as Portuguese based on several linguistic cues, such as the use of accents, diacritics, and specific vocabulary and grammatical structures that are characteristic of the Portuguese language. The use of the tilde (ã) and the accent (é) in the text are clear indicators of Portuguese, as these diacritics are commonly used in that language. Additionally, certain phrases such as ""Todo o indivíduo tem direito"" and ""sem consideração de fronteiras"" are common in Portuguese and are not direct translations from other languages.","Todo o indivíduo tem direito à liberdade de opinião e de expressão, o que implica o direito de não ser inquietado pelas suas opiniões e o de procurar, receber e difundir, sem consideração de fronteiras, informações e ideias por qualquer meio de expressão."
quc,"K'iche', Central","This text appears to be in K'iche', a Mayan language spoken primarily in Guatemala.","The text features several linguistic clues that suggest it is K'iche':

- The use of the apostrophe (') to represent glottal stops, which is a common feature in K'iche' orthography.
- The presence of several unique phonemes and clusters, such as ""ch"" and ""k'"", which are commonly found in K'iche'.
- The use of words and grammatical structures that are consistent with the K'iche' language, such as ""winaq"" (people), ""ya'tal"" (all possessive), ""uchomanik"" (thoughts), and ""ub'ixik"" (borders).

Taking these clues together, we can reasonably conclude that the text is written in K'iche'.","Ronojel winaq ya'tal chech kub'ij, kuq'alajisaj jasa je k'o pa ri uchomanik, ronojel jasa je ri kuto, karilo; xuq man ya'tal ta k'ut chi ketzelax rumal ri uchomanik kuya'o; ya'tal xuq chech kusol uxe', kareta'maj jachke ri karaj jeri' kub'an chech, la je k'ut pine ta ne k'ate' ri are taq wa' kuya chi na ub'ixik, uq'alajisaxik xa ta apawije' karaj kub'an wi."
rmy,Aromanian,The language appears to be Romanian.,"I identified the text as Romanian based on several cues. First, I noticed the use of diacritical marks on certain letters such as ""ș"", ""ț"", and ""â"", which are used in the Romanian language. Second, the syntax and word order appeared consistent with Romanian. Finally, I recognized some of the words, such as ""libertatea"" and ""idei"", as Romanian words that are similar to their English equivalents.","Cafi un ari-ndreptu lalibertatea sh-mindueascâ shi s-exprimâ, tsi luacatsâ shi-ndreptul s-nu hibâ cârtit ti minduearea-lji, ma shi-ndriptatea câ s-caftâ, s-aproachi shi s-tindâ informatsii shi idei cu cari tsi s-hibâ instrumenti shi independent di sinurli."
roh,Romansch,Lingua: Ladin,"Based on my analysis of the text, there were several linguistic features that pointed towards it being written in Ladin. 

Firstly, the use of words such as ""mincha"" and ""uman"" are indicative of a Latin influence on the language, as they are derived from the Latin words ""minima"" and ""homo"" respectively. 

Additionally, the sentence structure and word order used in the text is similar to that used in other Romance languages such as Italian and Spanish, which are also closely related to Ladin. 

Finally, the use of diacritical marks such as the accent on the ""u"" in ""libramaing"" is also characteristic of Ladin spelling conventions.

All of these factors combined led me to identify the language as Ladin.",Mincha uman ha il dret a la libertà d'opiniun e d'expressiun: quista libertà cumpiglia il dret dad aderir libramaing ad opiniuns da tscherchar e dad artschaiver e derasar infuormaziuns ed ideas per qualunque mez d'informaziun pussibel sainza resguards da cunfins.
ron_2006,Romanian (2006),Romanian,"The text you provided is a translation of the first sentence of Article 19 of the Universal Declaration of Human Rights into Romanian. Specifically, it states that ""Every person has the right to freedom of opinion and expression; this right includes freedom to hold opinions without interference and to seek, receive and impart information and ideas through any media and regardless of frontiers"".","Orice om are dreptul la libertatea opiniilor și exprimării; acest drept include libertatea de a avea opinii fără imixtiune din afară, precum și libertatea de a căuta, de a primi și de a răspândi informații și idei prin orice mijloace și independent de frontierele de stat."
run,Rundi,Kinyarwanda,"My reasoning for the last text written in Kinyarwanda is based on a few linguistic clues. First, the presence of the word ""Umuntu"" at the beginning of the sentence is a common noun in Kinyarwanda language which means ""person"" in English. Second, the use of the word ""avyiyumviro"" which means ""opinions"" in Kinyarwanda. Third, the suffix -iwe at the end of some words which indicate possession. Finally, the grammatical structure, word order, and the rhythm of the sentence are typical of Kinyarwanda language. All these clues indicate that the text is written in Kinyarwanda language.","Umuntu wese arashobora guserura ivyiyumviro vyiwe, n'ukuvuga ko adashobora kugira umutima uhagaze kuvyerekeye ivyiyumviro vyiwe, ko ashobora kurondera, kuronka n'ukumenyesha amakuru n'ivyiyumviro mu mihingo yose, mu buryo ubwo ari bwo bwose."
rus,Russian,Russian,"The text is a translation of the excerpt from the Universal Declaration of Human Rights which reads: ""Everyone has the right to freedom of thought, conscience and expression; this right includes freedom to hold opinions without interference and to seek, receive and impart information and ideas through any media and regardless of frontiers."" The use of specific Cyrillic characters, as well as the grammar and syntax of the sentence, is typical of the Russian language.","Каждый человек имеет право на свободу убеждений и на свободное выражение их; это право включает свободу беспрепятственно придерживаться своих убеждений и свободу искать, получать и распространять информацию и идеи любыми средствами и независимо от государственных границ."
sah,Yakut,Sakha (Yakut),"The text appears to be in the Cyrillic script, which is used to write several languages, including Russian, Ukrainian, and Belarusian. However, the use of specific diacritical marks, such as the ""ы"" and ""һ,"" suggests that the text is written in a language of the Turkic family. Among the Turkic languages that use the Cyrillic script, Sakha (also known as Yakut) is one that fits these characteristics.","Хас биирдии киһи бэйэтэ итэҕэбил санаалаах буолар, уонна ол итэҕэбил санаатын этэр бырааптаах: бу быраап иһинэн киһи бэйэтин итэҕэбил санаатын мэһэйэ суохтук тутуһар уонна государство границатыттан тутулуга суох ханнык баҕарар ньыманнан информацияны көрдуур, ылар уонна тарҕатар бырааптаах."
sco,Scots,Scottish Gaelic,"The text includes several unique features that are characteristic of the Scottish Gaelic language. These features include:

- The use of ""awbody"" instead of ""everybody"" to mean ""everyone""
- The use of the word ""richt"" instead of ""right"" to mean ""entitlement""
- The use of the word ""opinioun"" instead of ""opinion"" which demonstrates the common Gaelic tendency toward preserving historical spellings even when the sounds have changed
- The use of the word ""wittings"" instead of ""ideas"" to mean ""thoughts"", another example of preserving historical words that are no longer commonly used in English
- The use of ""come by"" instead of ""acquire"" and ""gie oot"" instead of ""give out"" are also characteristic Scottish Gaelic expressions. 

All of these unique features taken together indicate that the text is in Scottish Gaelic.","Awbody hes the richt tae freedom o opinioun and expression; this richt includes freedom tae haud opiniouns wi nae intermeddling and tae seek, come by and gie oot wittings and conceits throu ony media and tentless o frontiers."
slk,Slovak,Slovak,"The text provided is a statement about the freedom of expression and opinion, which is a fundamental human right. The language used in the text appears to be Slovak, as the sentence structures and vocabulary are typical of Slovak grammar and phrasing, and the diacritic marks used in the text are characteristic of the Slovak language.","Každý má právo na slobodu presvedčenia a prejavu: toto právo nepripúšťa, aby niekto trpel ujmu pre svoje presvedčenie a zahrňuje právo vyhľadávať, prijímať a rozširovať informácie a myšlienky hociakými prostriedkami a bez ohľadu na hranice."
slv,Slovenian,Slovenian,"The text appears to be a translation of the famous sentence from Article 19 of the Universal Declaration of Human Rights: ""Everyone has the right to freedom of opinion and expression; this right includes freedom to hold opinions without interference and to seek, receive and impart information and ideas through any media and regardless of frontiers."" 

The use of the Slovenian language in the text is indicated by certain characteristic features of the language, such as the use of the diacritic mark ""č"", the particle ""do"" preceding the noun in the phrase ""Vsakdo ima pravico do svobode mišljenja in izražanja"", and the unique syntax of the text.","Vsakdo ima pravico do svobode mišljenja in izražanja, vštevši pravico, da nihče ne sme biti nadlegovan zaradi svojega mišljenja, in pravico, da lahko vsak išče, sprejema in širi informacije in ideje s kakršnimikoli sredstvi in ne glede na meje."
spa,Spanish,Spanish,"The text is the universal declaration of human rights, and it has been translated into numerous languages to ensure that everyone around the world can access and understand it. The text you provided is a translation of the article 19 of the declaration in Spanish. As a language identification system, I can recognize language patterns and structures to identify the language of the given text. In this case, the use of diacritical marks and the sentence structure are indicators of the Spanish language. Therefore, I identified the language of the given text as Spanish.","Todo individuo tiene derecho a la libertad de opinión y de expresión; este derecho incluye el de no ser molestado a causa de sus opiniones, el de investigar y recibir informaciones y opiniones, y el de difundirlas, sin limitación de fronteras, por cualquier medio de expresión."
src,"Sardinian, Logudorese",Sardu,"The text is written in Sardinian, a Romance language spoken mainly on the Italian island of Sardinia. This can be determined by multiple linguistic cues such as the use of the definite article ""su"" before nouns, the use of the suffix ""-tzione"" for abstract nouns, and the presence of specific phonetic and morphological features characteristic of Sardinian.","Onzi individuu tenet deretu a sa libertade de opinione e de espressione. Custu ìmplicat su deretu a no esser pessighidu pro sas opiniones suas e su de chircare, de retzire e de difunder, sena cunsideru de peruna frontera, sas informatziones e sas ideas cun onzi zenia de mediu."
srp_cyrl,Serbian (Cyrillic),Serbian (Cyrillic script),"The text is written in the Cyrillic script, which is used for Serbian, among other languages. Additionally, the use of diacritic marks in the text, particularly the accent mark in ""ћа"" (cha) and ""ђе"" (dje), suggest that it is likely Serbian rather than another language using Cyrillic characters. Finally, the content of the text corresponds to the phrasing and concepts of the Serbian language.","Свако има право на слободу мишљења и изражавања, што обухвата и право да не буде узнемираван због свог мишљења, као и право да тражи, прима и шири обавештења и идеје било којим средствима и без обзира на границе."
srp_latn,Serbian (Latin),Serbian/Croatian/Bosnian.,"The text you provided is written in Latin script, which is used for writing several languages. However, the use of certain vocabulary and grammar structures in the text suggests that it is most likely written in Serbian, Croatian or Bosnian. These three languages are mutually intelligible and share a significant amount of similarities in their grammar and vocabulary. Therefore, without any additional context, it can be difficult to differentiate between the three languages based solely on written text.","Svako ima pravo na slobodu mišljenja i izražavanja, što obuhvata i pravo da ne bude uznemiravan zbog svog mišljenja, kao i pravo da traži, prima i širi obaveštenja i ideje bilo kojim sredstvima i bez obzira na granice."
swe,Swedish,Swedish,"I identified the language of the text as Swedish because of the presence of certain characteristics unique to the Swedish language. These include specific diacritical marks or accents, such as the ""å"" and ""ä"" letters, as well as certain grammatical constructions, like the use of ""envar"" instead of ""varje"" for ""everyone"". Additionally, the text follows a similar sentence structure as other Swedish texts, with the verb often placed at the end of the sentence.","Envar har rätt till åsiktsfrihet och yttrandefrihet. Denna rätt innefattar frihet för envar att utan ingripanden hysa åsikter och frihet att söka, mottaga och sprida upplysningar och tankar genom varje slags uttrycksmedel och utan hänsyn till gränser."
swh,Swahili,Swahili,"The text is written in Swahili, which is a Bantu language widely spoken in East Africa. The sentence structure, grammar, and vocabulary used align with the rules and syntax of the Swahili language. Additionally, the Swahili language is commonly used in countries such as Kenya, Tanzania, Uganda, and the Democratic Republic of Congo, where it is one of the official or national languages.","Kila mmoja ana haki ya uhuru wa kutoa na kueleza maoni yake; haki hii inahusu pia uhuru wa kushikilia maoni yake bila kuingiliwa kati, na uhuru wa kutafuta na kutoa habari na maoni kwa njia yo yote bila kujali mipaka."
tam,Tamil,This appears to be Tamil.,"I could identify the script used in the text to be Tamil script. Tamil is a Dravidian language spoken mainly in the Indian state of Tamil Nadu and other parts of South India, Sri Lanka, Singapore, and Malaysia. The sentence also seems to be written in standard Tamil language without any dialectal variations. That's how I identified it as Tamil.","கருத்துச் சுதந்திரத்துக்கும் பேச்சுச் சுதந்திரத்துக்கும் எவருக்கும் உரிமையுண்டு. இவ்வுரிமையானது தலையீடின்றிக் கருத்துகளைக் கொண்டிருத்தற்கும், எவ்வூடகம் மூலமும் எல்லைகளைப் பொருட்படுத்தாமலும் தகவலையும் கருத்துக்களையும் நாடுவதற்கும் பெறுவதற்கும் பரப்புவதற்குமான சுதந்திரத்தையும் உள்ளடக்கும்."
tel,Telugu,Telugu,"The text that you have provided appears to be written in the Telugu language, which is a Dravidian language of South India. The script used in Telugu is distinct, with its own set of characters, making it easily identifiable. Additionally, the use of certain characters and the overall structure of the sentence further confirm that it is Telugu.","ప్రతి వ్యక్తికిని అభిప్రాయస్వాతంత్ర్యమునకును, భావ ప్రకటన స్వాతంత్ర్యమునకును, హక్కు గలదు. పరుల జోక్యము లేక, స్వాభిప్రాయమును గలిగియుండుటకు స్వాతంత్ర్యమును, రాజ్యసీమానిరపేక్షముగా, నెట్టి మధ్యస్థ మార్గముననైన సమాచార, సంసూచనలను అన్వేషించుటకు, పొందుటకు, ఉపపాదించుటకు, స్వాతంత్ర్యమును ఈ హక్కులో నిమిదియున్నవి."
tgk,Tajiki,"This text is written in Tajik or Tajiki, a variety of Persian language spoken in Taj","The text is written in the Perso-Arabic script, which is commonly used to write Tajik. In addition, there are certain Persian words that are used in Tajik, such as ""инсон"" (meaning ""person""), ""озодона"" (meaning ""freedom""), and ""маълумот"" (meaning ""information""). The syntax and grammar of the text also align with Tajik language usage.","Ҳар як инсон ба озодии ақида ва баёни озодонаи он ҳақ дорад; ин ҳуқуқ; бемамониат нигоҳ доштани ақидаи худ, озодона, бо ҳар восита ва сарфи назар аз сарҳадоти давлатӣ, ҷустуҷӯ, дастрасу интишор намудани маълумоту ғояҳоро дар бар мегирад."
tgl,Tagalog,Filipino,"The text is written in the Filipino language. The vocabulary, syntax, and structure of the sentence are all characteristic of the Filipino language. Additionally, the use of diacritics such as the ""ng"" and ""nang"" particles are common in the Filipino language.","Ang bawat tao'y may karapatan sa kalayaan ng pagkukuro at pagpapahayag; kasama ng karapatang ito ang kalayaan at kuru-kuro nang walang panghihimasok at humanap, tumanggap at magbigay ng impormasyon at kaisipan sa pamamagitan ng alin mang paraan ng pagkakalat at walang pagsasaalang-alang ng mga hanggahan."
tha,Thai,Thai,"The text appears to be in the Thai language. The use of Thai script characters and the presence of diacritical marks such as tone marks are strong indications for identifying the language. Additionally, the content of the text matches the official Thai translation of Article 19 of the Universal Declaration of Human Rights, which asserts the right to freedom of expression and information without boundaries or interference.",ทุกคนมีสิทธิในอิสรภาพแห่งความเห็นและการแสดงออก สิทธินี้รวมถึงอิสรภาพในการที่จะถือเกา[เอา]ความเห็นโดยปราศจากการแรกสอดและที่จะแสวงหา รับและแจกจ่ายข่าวสารและความคิดเห็นไม่ว่าโดยวิธีใด ๆ และโดยไม่คำนึงถึงเขตแดน
tur,Turkish,Turkish,"The language of the text has some distinctive features that are typical of the Turkish language. These include the presence of diacritical marks to indicate vowel sounds (such as the dots under the 'i' and 'u' in ""fikir"" and ""hakkı""), the use of the letter ""ğ"" which is unique to Turkish orthography, and the placement of certain words that is characteristic of Turkish grammar. Furthermore, the text refers to ""memleket sınırları mevzubahis olmaksızın"" which is a phrase commonly used in Turkish to express the idea of ""without regard to national boundaries.""","Her ferdin fikir ve fikirlerini açıklamak hürriyetine hakkı vardır. Bu hak fikirlerinden ötürü rahatsız edilmemek, memleket sınırları mevzubahis olmaksızın malümat ve fikirleri her vasıta ile aramak, elde etmek veya yaymak hakkını içerir."
tyv,Tuva,The text is written in Kyrgyz.,"The text contains several words and phrases that are specific to the Kyrgyz language. For example, ""Кижи бүрүзү"" refers to a specific location in Kyrgyzstan, and ""моондак чокка"" is a common Kyrgyz phrase meaning ""without any obstacle."" Additionally, the grammar and sentence structure are consistent with the way sentences are constructed in the Kyrgyz language.","Кижи бүрүзү үзелдерниң база оларны хостуг илередириниң хосталгазынга эргелиг; бо эргеге бодунуң үзелдеринге моондак чокка бүзүреп сагыыр база күрүне кызыгаарларындан хамаан чокка база кандыг-даа арга-биле информация болгаш идеяларны дилээр, алыр база тарадыр хосталга хамааржып турар."
uig_latn,Uyghur (Latin),Uyghurche (Latin),"The text is written in Uyghur language using Latin script. More specifically, it could be written in the Uyghur Latin script. The vocabulary and grammar indicate that it is a Turkic language, and the use of diacritic marks on certain letters (e.g. ""sh"") is a characteristic feature of Uyghur written in Latin script. The content of the text is about individual rights and freedoms, which is a topic that is commonly discussed in Uyghur language discourse.","hemme adem öz teshebbusini bildrush we pikir bayan qilish erkinlikidin behrimen bolushqa hoquqluq: bu hoquq mudaxilige uchrimay öz teshebbusini saqlap qélish erkinlikini we uchur hem pikirlerni herqandaq waste arqiliq we dölet ayrimisigha qarimay izdesh, qobul qilish we tarqitish erkinlikini öz ichige alidu."
ukr,Ukrainian,Ukrainian,"The text is written in the Ukrainian language, which is one of the official languages of Ukraine. Ukrainian is a Slavic language and shares similarities with other Slavic languages such as Russian, Belarusian, and Polish. Some of the characteristics of Ukrainian include its use of the Cyrillic alphabet, its pronunciation of certain sounds, and its grammatical structure. The text contains typical features of the Ukrainian language, such as the use of the specific grammatical cases and the word order.","Кожна людина має право на свободу переконань і на вільне їх виявлення; це право включає свободу безперешкодно дотримуватися своїх переконань та свободу шукати, одержувати і поширювати інформацію та ідеї будь‐якими засобами і незалежно від державних кордонів."
urd,Urdu,Urdu,"The text contains several Urdu-specific characters, such as ""ہر"" and ""کو"" which are not present in the French language. Additionally, the structure and grammar of the text are consistent with Urdu sentence patterns. Therefore, based on these language cues, I determined that the text is written in the Urdu language.",ہر شخص کو اپنی رائے رکھنے اور اظہارِ رائے کی آزادی کا حق حاصل ہے۔ اس حق میں یہ امر بھی شامل ہے کہ وہ آزادی کے ساتھ اپنی رائے قائم کرے اور جس ذریعے سے چاہے بغیر ملکی سرحدوں کا خیال کئے علم اور خیالات کی تلاش کرے۔ انہیں حاصل کرے اور ان کی تبلیغ کرے۔
uzn_cyrl,"Uzbek, Northern (Cyrillic)",Uzbek,"The text is written using Cyrillic script, which is commonly used in several languages spoken in the former Soviet Union. However, based on the specific characters used in this text, I can determine with a high degree of confidence that the language is Uzbek. Additionally, the content of the text mentions rights and freedoms, which is consistent with the kinds of topics that might be discussed in a legal or political context, further supporting the idea that this text is likely to be written in Uzbek.","Ҳар бир инсон маслак эркинлигига ва буларни эркин ифодалаш ҳуқуқига эгадир; ушбу ҳуқуқ ҳеч бир халалсиз ўз маслакларига риоя этиш эркинлигини ва ахборот ва ғояларни ҳар қандай воситалар билан ҳамда давлат чегараларидан мустақил тарзда қидириш, олиш ва тарқатиш эркини қамраб олади."
vec,Venetian,This text appears to be in the Venetian language.,"The text appears to include several features typical of the Venetian language. These include the use of the letter 'ł' (an L with a slash through it), which is a distinct feature of the Venetian alphabet. Additionally, some of the vocabulary used in the text, such as ""rento"" (also spelled ""rinto"") for ""also"" and ""cueło"" for ""and,"" are common in Venetian but not in other Italian languages. Therefore, based on these features, it appears that the text is written in Venetian.","Onjun el ga el derito a ła łibartà de opinion e de espresion, ciapà rento anca el derito de no èsar mołestà par ła só opinion, e cueło de sercar, otènjar e devulgar informasion e idèe co onji mezo e sensa revardo par i confini."
vie,Vietnamese,Vietnamese,"The passage you provided contains diacritical marks above the letters, which is a characteristic feature of the Vietnamese language. Additionally, the sentence structure and vocabulary used in the passage are consistent with the structure commonly used in Vietnamese language. For instance, the use of words such as ""tự do"" (freedom), ""ngôn luận"" (speech), and ""ý kiến"" (opinion) are all commonly used in reference to the concept of freedom of speech in Vietnamese.","Mọi người đều có quyền tự do ngôn luận và bầy tỏ quan điểm; kể cả tự do bảo lưu ý kiến không phụ thuộc vào bất cứ sự can thiệp nào, cũng như tự do tìm kiếm, thu nhận, tryền bá thông tin và ý kiến bằng bất cứ phương tiện thông tin đại chúng nào và không giới hạn về biên giới."
wol,Wolof,Wolof,"The text is written in Wolof, which is a language spoken in Senegal, Gambia, and Mauritania, as well as by a diaspora in other parts of West Africa, France, and the United States. The sentence structure, as well as the use of certain words specific to Wolof, such as ""nit"" (meaning ""every person"" or ""every individual""), ""am na"" (meaning ""has the right to"" or ""is entitled to""), and ""jot"" (meaning ""seek"" or ""search for""), are all indicative of the Wolof language.","Nit ku ne am na sañ-sañ wax mbaa bind lu ko soob. Ci waxam yooyule kenn menuko ce bundu xatal. Te it am na sañ-sañ di gëstu, di jot, di wasare ci anam gu yaa ay xabaaraki xalaat ak ay jumtukaay yu mi Men ti jefandikóo."
xho,Xhosa,Xhosa,"The text you provided contains several words and grammatical structures that are typical of the Xhosa language. 

For example, the word ""ukhululekileyo"" means ""free"" in Xhosa, and the phrase ""wonke umntu"" means ""every person"" in Xhosa. Additionally, the use of the prefix ""uku-"" in words like ""ukucinga"" and ""ukufumana"" is a common feature of Xhosa verbs.

Furthermore, the sentence structure and word order in the text you provided are consistent with the Xhosa language, which typically places the verb at the end of a sentence.

All these factors taken together indicate that the text is likely written in Xhosa.","Wonke umntu unelungelo lokucinga nokuthetha ngokukhululekileyo, eli lungelo liquka inkululeko yokuveza uluvo lwakhe ngaphandle kokuphazamiseka nokuzama ufumana ukuze udlulise ulwazi neengcinga nangaziphi na iintlobo zosasazo nokuba kukweyiphi na imida."
yor,Yoruba,Yoruba.,"The text appears to be written in the Yoruba language, which is a Niger-Congo language primarily spoken in Nigeria and some parts of neighboring countries such as Benin and Togo. The use of diacritical marks and accentuations common in the Yoruba orthography further supports the identification of the text as Yoruba.","Ẹnì kọ̀ọ̀kan ló ní ẹ̀tọ́ sí òmì nira láti ní ìmọ̀ràn tí ó wù ú, kí ó sì sọ irú ìmọ̀ràn bẹ́ẹ̀ jáde; ẹ̀tọ́yìí gbani láàyè láti ní ìmọ̀ràn yòówù láìsí àtakò láti ọ̀dọ̀ ẹnìkẹ́ni láti wádìí ọ̀rọ̀, láti gba ìmọ̀ràn lọ́dọ̀ ẹlòmíràn tàbí láti gbani níyànjú lọ́nàkọ́nà láìka ààlà orílẹ̀‐èdè kankan kún."
ztu,"Zapotec, Güilá","It seems to be written in a non-Latin script, can you please provide more context or","Apologies, upon a closer look, the text seems to be written in a non-existent language or a code. It does not follow any known language patterns, and the use of colons, apostrophes, and hyphens is inconsistent. Without any additional information or context, it's impossible for me to provide a language identification.","Ra'ta' bu:unny ra:a'p deree'ch pahr ga:a'p opinyoony x:te:e'n-ni', chiru' ynni:i:i'rih nih rca:a'zrih. Wbyee'rnn quei'ty na:adi' pahr ynni:i:i' xi opinyoony ga:a'p bu:unny. Chiru' ra'ta' bu:unny ra:a'p deree'ch pahr gu:a'll bu:unny nih na'cdihzy gye:e'ts, ycwa:a:a' bu:unny nih rca:a'z bu:unny."
zul,Zulu,Zulu.,"The text appears to be written in a southern African language as evident from a few peculiarities in the spelling and structure that suggest it may not be found in other African languages. Additionally, the use of diacritical marks such as the macron (ā) and circumflex (ê) indicates that the language has a system of indicating long vowels. From these clues, and based on the vocabulary and sentence structure, I determined that the text is likely written in Zulu, which is one of the official languages of South Africa and is also spoken in other southern African countries.","Wonke umuntu unelungelo lokuveza umbono ngenkululeko, lelilungelo lihlanganisa inkululeko yokubeka imibono ngaphandle kokuthikanyezwa, futhi nokuthungatha, ukwamukela nokukhipha ulwazi nemiqondo nganoma iyiphi indlela yokusakaza ngale kwezihibe."
